Workbook

Sheet تعليمات
B9: أكاديمية الركيزة الثالثة — كشوف تسجيل الطلاب
B10: العام الدراسي 2026 / 2027
B12: تعليمات لمربي الصف
B13: 1. لكل صف ورقة خاصة به (انظر أسماء الأوراق في الأسفل)، وعدد الأسطر فيها يساوي القدرة الاستيعابية للصف بالضبط.
B14: 2. يكتب مربي الصف اسمه في الخانة المخصصة أعلى الورقة، ثم يعبّئ بيانات الطلاب في الخلايا البيضاء فقط.
B15: 3. يُكتب اسم الطالب رباعياً، ويُكتب تاريخ الميلاد بصيغة يوم/شهر/سنة (مثال: 14/03/2017).
B16: 4. عمودا «الجنس» و«صلة القرابة» يُختاران من قائمة منسدلة.
B17: 5. عدد المسجلين والمقاعد المتبقية يُحسبان تلقائياً؛ وتتلوّن الخانة بالأحمر عند اكتمال العدد.
B18: 6. صفوف السابع والثامن والتاسع مقسّمة إلى شعبتي بنات وذكور، وصفوف الأول حتى السادس مختلطة.
B19: 7. ورقة «الملخص» تجمع أعداد جميع الصفوف تلقائياً — لا تُعدَّل يدوياً.
B21: مثال على سطر معبّأ
B22: اسم الطالب رباعياً: محمد أحمد خليل عودة | الجنس: ذكر | تاريخ الميلاد: 14/03/2017 | رقم الهوية / جواز السفر: 123456789 | اسم ولي الأمر: أحمد خليل عودة | صلة القرابة: أب | هاتف ولي الأمر: 01012345678 | رقم الواتساب: 01012345678 | مكان السكن: مدينة نصر | ملاحظات: —

Sheet الملخص
C1: أكاديمية الركيزة الثالثة
C2: ملخص التسجيل حسب الصفوف
C3: العام الدراسي 2026 / 2027
A6: م | B6: الصف | C6: الشعبة | D6: الطابق | E6: القدرة الاستيعابية | F6: عدد المسجلين | G6: المقاعد المتبقية | H6: نسبة الإشغال
A7: 1 | B7: الصف الأول | C7: مختلط | D7: الطابق الرابع | E7: =الأول!F6 -> 30 | F7: =الأول!C7 -> 0 | G7: =E7-F7 -> 30 | H7: =IF(E7=0,0,F7/E7) -> 0
A8: 2 | B8: الصف الثاني | C8: مختلط | D8: الطابق الرابع | E8: =الثاني!F6 -> 20 | F8: =الثاني!C7 -> 0 | G8: =E8-F8 -> 20 | H8: =IF(E8=0,0,F8/E8) -> 0
A9: 3 | B9: الصف الثالث | C9: مختلط | D9: الطابق الرابع | E9: =الثالث!F6 -> 30 | F9: =الثالث!C7 -> 0 | G9: =E9-F9 -> 30 | H9: =IF(E9=0,0,F9/E9) -> 0
A10: 4 | B10: الصف الرابع | C10: مختلط | D10: الطابق الرابع | E10: =الرابع!F6 -> 30 | F10: =الرابع!C7 -> 0 | G10: =E10-F10 -> 30 | H10: =IF(E10=0,0,F10/E10) -> 0
A11: 5 | B11: الصف الخامس | C11: مختلط | D11: الطابق الرابع | E11: =الخامس!F6 -> 20 | F11: =الخامس!C7 -> 0 | G11: =E11-F11 -> 20 | H11: =IF(E11=0,0,F11/E11) -> 0
A12: 6 | B12: الصف السادس | C12: مختلط | D12: الطابق الرابع | E12: =السادس!F6 -> 20 | F12: =السادس!C7 -> 0 | G12: =E12-F12 -> 20 | H12: =IF(E12=0,0,F12/E12) -> 0
A13: 7 | B13: الصف السابع | C13: بنات | D13: الطابق الخامس | E13: ='السابع بنات'!F6 -> 24 | F13: ='السابع بنات'!C7 -> 0 | G13: =E13-F13 -> 24 | H13: =IF(E13=0,0,F13/E13) -> 0
A14: 8 | B14: الصف الثامن | C14: بنات | D14: الطابق الخامس | E14: ='الثامن بنات'!F6 -> 20 | F14: ='الثامن بنات'!C7 -> 0 | G14: =E14-F14 -> 20 | H14: =IF(E14=0,0,F14/E14) -> 0
A15: 9 | B15: الصف التاسع | C15: بنات | D15: الطابق الخامس | E15: ='التاسع بنات'!F6 -> 24 | F15: ='التاسع بنات'!C7 -> 0 | G15: =E15-F15 -> 24 | H15: =IF(E15=0,0,F15/E15) -> 0
A16: 10 | B16: الصف السابع | C16: ذكور | D16: الطابق الخامس | E16: ='السابع ذكور'!F6 -> 20 | F16: ='السابع ذكور'!C7 -> 0 | G16: =E16-F16 -> 20 | H16: =IF(E16=0,0,F16/E16) -> 0
A17: 11 | B17: الصف الثامن | C17: ذكور | D17: الطابق الخامس | E17: ='الثامن ذكور'!F6 -> 20 | F17: ='الثامن ذكور'!C7 -> 0 | G17: =E17-F17 -> 20 | H17: =IF(E17=0,0,F17/E17) -> 0
A18: 12 | B18: الصف التاسع | C18: ذكور | D18: الطابق الخامس | E18: ='التاسع ذكور'!F6 -> 28 | F18: ='التاسع ذكور'!C7 -> 0 | G18: =E18-F18 -> 28 | H18: =IF(E18=0,0,F18/E18) -> 0
A19: المجموع | E19: =SUM(E7:E18) -> 286 | F19: =SUM(F7:F18) -> 0 | G19: =SUM(G7:G18) -> 286 | H19: =IF(E19=0,0,F19/E19) -> 0
A21: القدرة الاستيعابية لكل صف حسب ما حددته إدارة الأكاديمية. الأعمدة الخضراء مرتبطة تلقائياً بأوراق الصفوف.

Sheet الأول
C1: أكاديمية الركيزة الثالثة
C2: كشف تسجيل طلاب الصف الأول
C3: العام الدراسي 2026 / 2027
A5: اسم مربي الصف: | E5: الطابق: | F5: الطابق الرابع | H5: تاريخ التسليم:
A6: نوع الصف: | C6: مختلط | E6: القدرة الاستيعابية: | F6: 30 | H6: عدد الذكور: | I6: =COUNTIF(C10:C39,"ذكر") -> 0
A7: عدد المسجلين: | C7: =COUNTA(B10:B39) -> 0 | E7: المقاعد المتبقية: | F7: =F6-C7 -> 30 | H7: عدد الإناث: | I7: =COUNTIF(C10:C39,"أنثى") -> 0
A9: م | B9: اسم الطالب رباعياً | C9: الجنس | D9: تاريخ الميلاد | E9: رقم الهوية / جواز السفر | F9: اسم ولي الأمر | G9: صلة القرابة | H9: هاتف ولي الأمر | I9: رقم الواتساب | J9: جوال الطالب | K9: مكان السكن | L9: ملاحظات
A10: 1
A11: 2
A12: 3
A13: 4
A14: 5
A15: 6
A16: 7
A17: 8
A18: 9
A19: 10
A20: 11
A21: 12
... A39: 30

Sheet الثاني
C1: أكاديمية الركيزة الثالثة
C2: كشف تسجيل طلاب الصف الثاني
C3: العام الدراسي 2026 / 2027
A5: اسم مربي الصف: | E5: الطابق: | F5: الطابق الرابع | H5: تاريخ التسليم:
A6: نوع الصف: | C6: مختلط | E6: القدرة الاستيعابية: | F6: 20 | H6: عدد الذكور: | I6: =COUNTIF(C10:C29,"ذكر") -> 0
A7: عدد المسجلين: | C7: =COUNTA(B10:B29) -> 0 | E7: المقاعد المتبقية: | F7: =F6-C7 -> 20 | H7: عدد الإناث: | I7: =COUNTIF(C10:C29,"أنثى") -> 0
A9: م | B9: اسم الطالب رباعياً | C9: الجنس | D9: تاريخ الميلاد | E9: رقم الهوية / جواز السفر | F9: اسم ولي الأمر | G9: صلة القرابة | H9: هاتف ولي الأمر | I9: رقم الواتساب | J9: جوال الطالب | K9: مكان السكن | L9: ملاحظات
A10: 1
A11: 2
A12: 3
A13: 4
A14: 5
A15: 6
A16: 7
A17: 8
A18: 9
A19: 10
A20: 11
A21: 12
... A29: 20

Sheet الثالث
C1: أكاديمية الركيزة الثالثة
C2: كشف تسجيل طلاب الصف الثالث
C3: العام الدراسي 2026 / 2027
A5: اسم مربي الصف: | E5: الطابق: | F5: الطابق الرابع | H5: تاريخ التسليم:
A6: نوع الصف: | C6: مختلط | E6: القدرة الاستيعابية: | F6: 30 | H6: عدد الذكور: | I6: =COUNTIF(C10:C39,"ذكر") -> 0
A7: عدد المسجلين: | C7: =COUNTA(B10:B39) -> 0 | E7: المقاعد المتبقية: | F7: =F6-C7 -> 30 | H7: عدد الإناث: | I7: =COUNTIF(C10:C39,"أنثى") -> 0
A9: م | B9: اسم الطالب رباعياً | C9: الجنس | D9: تاريخ الميلاد | E9: رقم الهوية / جواز السفر | F9: اسم ولي الأمر | G9: صلة القرابة | H9: هاتف ولي الأمر | I9: رقم الواتساب | J9: جوال الطالب | K9: مكان السكن | L9: ملاحظات
A10: 1
A11: 2
A12: 3
A13: 4
A14: 5
A15: 6
A16: 7
A17: 8
A18: 9
A19: 10
A20: 11
A21: 12
... A39: 30

Sheet الرابع
C1: أكاديمية الركيزة الثالثة
C2: كشف تسجيل طلاب الصف الرابع
C3: العام الدراسي 2026 / 2027
A5: اسم مربي الصف: | E5: الطابق: | F5: الطابق الرابع | H5: تاريخ التسليم:
A6: نوع الصف: | C6: مختلط | E6: القدرة الاستيعابية: | F6: 30 | H6: عدد الذكور: | I6: =COUNTIF(C10:C39,"ذكر") -> 0
A7: عدد المسجلين: | C7: =COUNTA(B10:B39) -> 0 | E7: المقاعد المتبقية: | F7: =F6-C7 -> 30 | H7: عدد الإناث: | I7: =COUNTIF(C10:C39,"أنثى") -> 0
A9: م | B9: اسم الطالب رباعياً | C9: الجنس | D9: تاريخ الميلاد | E9: رقم الهوية / جواز السفر | F9: اسم ولي الأمر | G9: صلة القرابة | H9: هاتف ولي الأمر | I9: رقم الواتساب | J9: جوال الطالب | K9: مكان السكن | L9: ملاحظات
A10: 1
A11: 2
A12: 3
A13: 4
A14: 5
A15: 6
A16: 7
A17: 8
A18: 9
A19: 10
A20: 11
A21: 12
... A39: 30

Sheet الخامس
C1: أكاديمية الركيزة الثالثة
C2: كشف تسجيل طلاب الصف الخامس
C3: العام الدراسي 2026 / 2027
A5: اسم مربي الصف: | E5: الطابق: | F5: الطابق الرابع | H5: تاريخ التسليم:
A6: نوع الصف: | C6: مختلط | E6: القدرة الاستيعابية: | F6: 20 | H6: عدد الذكور: | I6: =COUNTIF(C10:C29,"ذكر") -> 0
A7: عدد المسجلين: | C7: =COUNTA(B10:B29) -> 0 | E7: المقاعد المتبقية: | F7: =F6-C7 -> 20 | H7: عدد الإناث: | I7: =COUNTIF(C10:C29,"أنثى") -> 0
A9: م | B9: اسم الطالب رباعياً | C9: الجنس | D9: تاريخ الميلاد | E9: رقم الهوية / جواز السفر | F9: اسم ولي الأمر | G9: صلة القرابة | H9: هاتف ولي الأمر | I9: رقم الواتساب | J9: جوال الطالب | K9: مكان السكن | L9: ملاحظات
A10: 1
A11: 2
A12: 3
A13: 4
A14: 5
A15: 6
A16: 7
A17: 8
A18: 9
A19: 10
A20: 11
A21: 12
... A29: 20

Sheet السادس
C1: أكاديمية الركيزة الثالثة
C2: كشف تسجيل طلاب الصف السادس
C3: العام الدراسي 2026 / 2027
A5: اسم مربي الصف: | E5: الطابق: | F5: الطابق الرابع | H5: تاريخ التسليم:
A6: نوع الصف: | C6: مختلط | E6: القدرة الاستيعابية: | F6: 20 | H6: عدد الذكور: | I6: =COUNTIF(C10:C29,"ذكر") -> 0
A7: عدد المسجلين: | C7: =COUNTA(B10:B29) -> 0 | E7: المقاعد المتبقية: | F7: =F6-C7 -> 20 | H7: عدد الإناث: | I7: =COUNTIF(C10:C29,"أنثى") -> 0
A9: م | B9: اسم الطالب رباعياً | C9: الجنس | D9: تاريخ الميلاد | E9: رقم الهوية / جواز السفر | F9: اسم ولي الأمر | G9: صلة القرابة | H9: هاتف ولي الأمر | I9: رقم الواتساب | J9: جوال الطالب | K9: مكان السكن | L9: ملاحظات
A10: 1
A11: 2
A12: 3
A13: 4
A14: 5
A15: 6
A16: 7
A17: 8
A18: 9
A19: 10
A20: 11
A21: 12
... A29: 20

Sheet السابع بنات
C1: أكاديمية الركيزة الثالثة
C2: كشف تسجيل طلاب الصف السابع — بنات
C3: العام الدراسي 2026 / 2027
A5: اسم مربي الصف: | E5: الطابق: | F5: الطابق الخامس | H5: تاريخ التسليم:
A6: نوع الصف: | C6: بنات | E6: القدرة الاستيعابية: | F6: 24
A7: عدد المسجلين: | C7: =COUNTA(B10:B33) -> 0 | E7: المقاعد المتبقية: | F7: =F6-C7 -> 24
A9: م | B9: اسم الطالب رباعياً | C9: الجنس | D9: تاريخ الميلاد | E9: رقم الهوية / جواز السفر | F9: اسم ولي الأمر | G9: صلة القرابة | H9: هاتف ولي الأمر | I9: رقم الواتساب | J9: جوال الطالب | K9: مكان السكن | L9: ملاحظات
A10: 1 | C10: أنثى
A11: 2 | C11: أنثى
A12: 3 | C12: أنثى
A13: 4 | C13: أنثى
A14: 5 | C14: أنثى
A15: 6 | C15: أنثى
A16: 7 | C16: أنثى
A17: 8 | C17: أنثى
A18: 9 | C18: أنثى
A19: 10 | C19: أنثى
A20: 11 | C20: أنثى
A21: 12 | C21: أنثى
... A33: 24 | C33: أنثى

Sheet الثامن بنات
C1: أكاديمية الركيزة الثالثة
C2: كشف تسجيل طلاب الصف الثامن — بنات
C3: العام الدراسي 2026 / 2027
A5: اسم مربي الصف: | E5: الطابق: | F5: الطابق الخامس | H5: تاريخ التسليم:
A6: نوع الصف: | C6: بنات | E6: القدرة الاستيعابية: | F6: 20
A7: عدد المسجلين: | C7: =COUNTA(B10:B29) -> 0 | E7: المقاعد المتبقية: | F7: =F6-C7 -> 20
A9: م | B9: اسم الطالب رباعياً | C9: الجنس | D9: تاريخ الميلاد | E9: رقم الهوية / جواز السفر | F9: اسم ولي الأمر | G9: صلة القرابة | H9: هاتف ولي الأمر | I9: رقم الواتساب | J9: جوال الطالب | K9: مكان السكن | L9: ملاحظات
A10: 1 | C10: أنثى
A11: 2 | C11: أنثى
A12: 3 | C12: أنثى
A13: 4 | C13: أنثى
A14: 5 | C14: أنثى
A15: 6 | C15: أنثى
A16: 7 | C16: أنثى
A17: 8 | C17: أنثى
A18: 9 | C18: أنثى
A19: 10 | C19: أنثى
A20: 11 | C20: أنثى
A21: 12 | C21: أنثى
... A29: 20 | C29: أنثى

Sheet التاسع بنات
C1: أكاديمية الركيزة الثالثة
C2: كشف تسجيل طلاب الصف التاسع — بنات
C3: العام الدراسي 2026 / 2027
A5: اسم مربي الصف: | E5: الطابق: | F5: الطابق الخامس | H5: تاريخ التسليم:
A6: نوع الصف: | C6: بنات | E6: القدرة الاستيعابية: | F6: 24
A7: عدد المسجلين: | C7: =COUNTA(B10:B33) -> 0 | E7: المقاعد المتبقية: | F7: =F6-C7 -> 24
A9: م | B9: اسم الطالب رباعياً | C9: الجنس | D9: تاريخ الميلاد | E9: رقم الهوية / جواز السفر | F9: اسم ولي الأمر | G9: صلة القرابة | H9: هاتف ولي الأمر | I9: رقم الواتساب | J9: جوال الطالب | K9: مكان السكن | L9: ملاحظات
A10: 1 | C10: أنثى
A11: 2 | C11: أنثى
A12: 3 | C12: أنثى
A13: 4 | C13: أنثى
A14: 5 | C14: أنثى
A15: 6 | C15: أنثى
A16: 7 | C16: أنثى
A17: 8 | C17: أنثى
A18: 9 | C18: أنثى
A19: 10 | C19: أنثى
A20: 11 | C20: أنثى
A21: 12 | C21: أنثى
... A33: 24 | C33: أنثى

Sheet السابع ذكور
C1: أكاديمية الركيزة الثالثة
C2: كشف تسجيل طلاب الصف السابع — ذكور
C3: العام الدراسي 2026 / 2027
A5: اسم مربي الصف: | E5: الطابق: | F5: الطابق الخامس | H5: تاريخ التسليم:
A6: نوع الصف: | C6: ذكور | E6: القدرة الاستيعابية: | F6: 20
A7: عدد المسجلين: | C7: =COUNTA(B10:B29) -> 0 | E7: المقاعد المتبقية: | F7: =F6-C7 -> 20
A9: م | B9: اسم الطالب رباعياً | C9: الجنس | D9: تاريخ الميلاد | E9: رقم الهوية / جواز السفر | F9: اسم ولي الأمر | G9: صلة القرابة | H9: هاتف ولي الأمر | I9: رقم الواتساب | J9: جوال الطالب | K9: مكان السكن | L9: ملاحظات
A10: 1 | C10: ذكر
A11: 2 | C11: ذكر
A12: 3 | C12: ذكر
A13: 4 | C13: ذكر
A14: 5 | C14: ذكر
A15: 6 | C15: ذكر
A16: 7 | C16: ذكر
A17: 8 | C17: ذكر
A18: 9 | C18: ذكر
A19: 10 | C19: ذكر
A20: 11 | C20: ذكر
A21: 12 | C21: ذكر
... A29: 20 | C29: ذكر

Sheet الثامن ذكور
C1: أكاديمية الركيزة الثالثة
C2: كشف تسجيل طلاب الصف الثامن — ذكور
C3: العام الدراسي 2026 / 2027
A5: اسم مربي الصف: | E5: الطابق: | F5: الطابق الخامس | H5: تاريخ التسليم:
A6: نوع الصف: | C6: ذكور | E6: القدرة الاستيعابية: | F6: 20
A7: عدد المسجلين: | C7: =COUNTA(B10:B29) -> 0 | E7: المقاعد المتبقية: | F7: =F6-C7 -> 20
A9: م | B9: اسم الطالب رباعياً | C9: الجنس | D9: تاريخ الميلاد | E9: رقم الهوية / جواز السفر | F9: اسم ولي الأمر | G9: صلة القرابة | H9: هاتف ولي الأمر | I9: رقم الواتساب | J9: جوال الطالب | K9: مكان السكن | L9: ملاحظات
A10: 1 | C10: ذكر
A11: 2 | C11: ذكر
A12: 3 | C12: ذكر
A13: 4 | C13: ذكر
A14: 5 | C14: ذكر
A15: 6 | C15: ذكر
A16: 7 | C16: ذكر
A17: 8 | C17: ذكر
A18: 9 | C18: ذكر
A19: 10 | C19: ذكر
A20: 11 | C20: ذكر
A21: 12 | C21: ذكر
... A29: 20 | C29: ذكر

Sheet التاسع ذكور
C1: أكاديمية الركيزة الثالثة
C2: كشف تسجيل طلاب الصف التاسع — ذكور
C3: العام الدراسي 2026 / 2027
A5: اسم مربي الصف: | E5: الطابق: | F5: الطابق الخامس | H5: تاريخ التسليم:
A6: نوع الصف: | C6: ذكور | E6: القدرة الاستيعابية: | F6: 28
A7: عدد المسجلين: | C7: =COUNTA(B10:B37) -> 0 | E7: المقاعد المتبقية: | F7: =F6-C7 -> 28
A9: م | B9: اسم الطالب رباعياً | C9: الجنس | D9: تاريخ الميلاد | E9: رقم الهوية / جواز السفر | F9: اسم ولي الأمر | G9: صلة القرابة | H9: هاتف ولي الأمر | I9: رقم الواتساب | J9: جوال الطالب | K9: مكان السكن | L9: ملاحظات
A10: 1 | C10: ذكر
A11: 2 | C11: ذكر
A12: 3 | C12: ذكر
A13: 4 | C13: ذكر
A14: 5 | C14: ذكر
A15: 6 | C15: ذكر
A16: 7 | C16: ذكر
A17: 8 | C17: ذكر
A18: 9 | C18: ذكر
A19: 10 | C19: ذكر
A20: 11 | C20: ذكر
A21: 12 | C21: ذكر
... A37: 28 | C37: ذكر
